filename	numreads	meanreadlength	meandepth_wcvg	numpos	numpos_wcvg	meandepth	pctpos_wcvg
mkBAM_ddocent/Sin-APnd_001-Ex1-6G-lcwgs-1-2.clmp.fp2_repr.denovoSSL.Sin-RG.bam	25406305	80.7837	4.85435	798880421	213716363	1.29863	26.752
mkBAM_ddocent/Sin-APnd_005-Ex1-4B-lcwgs-1-2.clmp.fp2_repr.denovoSSL.Sin-RG.bam	25953454	77.3592	4.17504	798880421	242527340	1.26748	30.3584
mkBAM_ddocent/Sin-APnd_003-Ex1-3H-lcwgs-1-2.clmp.fp2_repr.denovoSSL.Sin-RG.bam	25065969	85.3673	5.23007	798880421	208025593	1.36189	26.0396
mkBAM_ddocent/Sin-APnd_016-Ex1-5E-lcwgs-1-2.clmp.fp2_repr.denovoSSL.Sin-RG.bam	26290652	72.2095	3.00476	798880421	316065716	1.18879	39.5636
mkBAM_ddocent/Sin-APnd_010-Ex1-4G-lcwgs-1-2.clmp.fp2_repr.denovoSSL.Sin-RG.bam	25463468	81.4879	3.88583	798880421	269964277	1.31313	33.7928
mkBAM_ddocent/Sin-APnd_019-Ex1-5H-lcwgs-1-2.clmp.fp2_repr.denovoSSL.Sin-RG.bam	25460838	77.4614	3.30832	798880421	299380437	1.23979	37.475
mkBAM_ddocent/Sin-APnd_007-Ex1-4D-lcwgs-1-2.clmp.fp2_repr.denovoSSL.Sin-RG.bam	25262397	79.7919	3.88351	798880421	261903550	1.27316	32.7838
mkBAM_ddocent/Sin-APnd_013-Ex1-5B-lcwgs-1-2.clmp.fp2_repr.denovoSSL.Sin-RG.bam	25900484	74.7949	3.20802	798880421	302630332	1.21526	37.8818
mkBAM_ddocent/Sin-APnd_011-Ex1-4H-lcwgs-1-2.clmp.fp2_repr.denovoSSL.Sin-RG.bam	25631751	79.0359	4.10458	798880421	251376411	1.29155	31.4661
mkBAM_ddocent/Sin-APnd_012-Ex1-5A-lcwgs-1-2.clmp.fp2_repr.denovoSSL.Sin-RG.bam	25255268	81.2689	3.91203	798880421	265878318	1.30198	33.2814
mkBAM_ddocent/Sin-APnd_009-Ex1-4F-lcwgs-1-2.clmp.fp2_repr.denovoSSL.Sin-RG.bam	25737014	79.6202	3.50157	798880421	294520876	1.29091	36.8667
mkBAM_ddocent/Sin-APnd_006-Ex1-4C-lcwgs-1-2.clmp.fp2_repr.denovoSSL.Sin-RG.bam	25321526	81.8202	3.59622	798880421	291198397	1.31085	36.4508
mkBAM_ddocent/Sin-APnd_020-Ex1-6A-lcwgs-1-2.clmp.fp2_repr.denovoSSL.Sin-RG.bam	25703171	73.4535	2.95733	798880421	318145745	1.17773	39.824
mkBAM_ddocent/Sin-APnd_014-Ex1-5C-lcwgs-1-2.clmp.fp2_repr.denovoSSL.Sin-RG.bam	26000859	73.7025	2.9566	798880421	323945632	1.1989	40.55
mkBAM_ddocent/Sin-APnd_015-Ex1-5D-lcwgs-1-2.clmp.fp2_repr.denovoSSL.Sin-RG.bam	25241009	77.6343	3.10813	798880421	316184391	1.23015	39.5784
mkBAM_ddocent/Sin-APnd_008-Ex1-4E-lcwgs-1-2.clmp.fp2_repr.denovoSSL.Sin-RG.bam	25473863	79.976	3.51344	798880421	295027476	1.29752	36.9301
mkBAM_ddocent/Sin-APnd_017-Ex1-5F-lcwgs-1-2.clmp.fp2_repr.denovoSSL.Sin-RG.bam	25669524	75.3656	2.80795	798880421	345526530	1.21448	43.2513
mkBAM_ddocent/Sin-APnd_018-Ex1-5G-lcwgs-1-2.clmp.fp2_repr.denovoSSL.Sin-RG.bam	25859975	76.4982	3.01034	798880421	329081367	1.24004	41.1928
mkBAM_ddocent/Sin-APnd_004-Ex1-4A-lcwgs-1-2.clmp.fp2_repr.denovoSSL.Sin-RG.bam	25287099	75.7235	2.57059	798880421	374142217	1.20389	46.8333
mkBAM_ddocent/Sin-APnd_002-Ex1-3G-lcwgs-1-2.clmp.fp2_repr.denovoSSL.Sin-RG.bam	25557030	80.4885	2.934	798880421	352639424	1.29512	44.1417
mkBAM_ddocent/Sin-CPnd_013-Ex1-4E-lcwgs-1-2.clmp.fp2_repr.denovoSSL.Sin-RG.bam	2476	107.213	1.01842	798880421	158381	0.000201906	0.0198254
mkBAM_ddocent/Sin-CPnd_015-Ex1-4A-lcwgs-1-2.clmp.fp2_repr.denovoSSL.Sin-RG.bam	8864	113.886	1.01866	798880421	596276	0.000760317	0.074639
mkBAM_ddocent/Sin-CPnd_021-Ex1-3D-lcwgs-1-2.clmp.fp2_repr.denovoSSL.Sin-RG.bam	1875	105.334	1.0107	798880421	112375	0.000142171	0.0140666
mkBAM_ddocent/Sin-CPnd_019-Ex1-1H-lcwgs-1-2.clmp.fp2_repr.denovoSSL.Sin-RG.bam	78077	96.7568	1.01389	798880421	3853112	0.00489013	0.482314
mkBAM_ddocent/Sin-CPnd_018-Ex1-11A-lcwgs-1-2.clmp.fp2_repr.denovoSSL.Sin-RG.bam	177156	97.1257	1.0889	798880421	8799805	0.0119944	1.10152
mkBAM_ddocent/Sin-CPnd_022-Ex1-1D-lcwgs-1-2.clmp.fp2_repr.denovoSSL.Sin-RG.bam	54926	120.563	1.03422	798880421	4001303	0.00518003	0.500864
mkBAM_ddocent/Sin-CPnd_025-Ex1-3B-lcwgs-1-2.clmp.fp2_repr.denovoSSL.Sin-RG.bam	15322	113.871	1.02419	798880421	1031261	0.00132211	0.129088
mkBAM_ddocent/Sin-CPnd_024-Ex1-12C-lcwgs-1-2.clmp.fp2_repr.denovoSSL.Sin-RG.bam	110578	89.0241	1.05277	798880421	5012430	0.00660541	0.627432
mkBAM_ddocent/Sin-CPnd_020-Ex1-12E-lcwgs-1-2.clmp.fp2_repr.denovoSSL.Sin-RG.bam	247101	97.5049	1.05275	798880421	12283568	0.0161871	1.5376
mkBAM_ddocent/Sin-CPnd_023-Ex1-12B-lcwgs-1-2.clmp.fp2_repr.denovoSSL.Sin-RG.bam	152176	90.652	1.06317	798880421	6982139	0.009292	0.873991
mkBAM_ddocent/Sin-CPnd_029-Ex1-4D-lcwgs-1-2.clmp.fp2_repr.denovoSSL.Sin-RG.bam	2524	103.431	1.01324	798880421	146609	0.000185948	0.0183518
mkBAM_ddocent/Sin-CPnd_031-Ex1-3G-lcwgs-1-2.clmp.fp2_repr.denovoSSL.Sin-RG.bam	14121	109.7	1.01971	798880421	893720	0.00114077	0.111872
mkBAM_ddocent/Sin-CPnd_028-Ex1-12H-lcwgs-1-2.clmp.fp2_repr.denovoSSL.Sin-RG.bam	294328	106.19	1.08194	798880421	17261901	0.0233781	2.16076
mkBAM_ddocent/Sin-CPnd_032-Ex1-3E-lcwgs-1-2.clmp.fp2_repr.denovoSSL.Sin-RG.bam	28581	111.776	1.02564	798880421	1840909	0.00236344	0.230436
mkBAM_ddocent/Sin-CPnd_033-Ex1-1B-lcwgs-1-2.clmp.fp2_repr.denovoSSL.Sin-RG.bam	493	91.3651	0.997835	798880421	23952	2.9917e-05	0.0029982
mkBAM_ddocent/Sin-CPnd_034-Ex1-3C-lcwgs-1-2.clmp.fp2_repr.denovoSSL.Sin-RG.bam	24583	107.822	1.01347	798880421	1404004	0.00178114	0.175746
mkBAM_ddocent/Sin-CPnd_035-Ex1-12D-lcwgs-1-2.clmp.fp2_repr.denovoSSL.Sin-RG.bam	260213	105.391	1.06758	798880421	14703155	0.0196485	1.84047
mkBAM_ddocent/Sin-CPnd_042-Ex1-10D-lcwgs-1-2.clmp.fp2_repr.denovoSSL.Sin-RG.bam	96646	87.294	1.04647	798880421	4159006	0.00544797	0.520604
mkBAM_ddocent/Sin-CPnd_038-Ex1-11C-lcwgs-1-2.clmp.fp2_repr.denovoSSL.Sin-RG.bam	207615	101.62	1.06172	798880421	11527359	0.01532	1.44294
mkBAM_ddocent/Sin-CPnd_044-Ex1-2C-lcwgs-1-2.clmp.fp2_repr.denovoSSL.Sin-RG.bam	1374	93.4229	1.01174	798880421	68352	8.65642e-05	0.00855597
mkBAM_ddocent/Sin-CPnd_049-Ex1-4C-lcwgs-1-2.clmp.fp2_repr.denovoSSL.Sin-RG.bam	2955	103.437	1.01801	798880421	170604	0.0002174	0.0213554
mkBAM_ddocent/Sin-CPnd_040-Ex1-11E-lcwgs-1-2.clmp.fp2_repr.denovoSSL.Sin-RG.bam	177505	99.7006	1.06118	798880421	9367936	0.0124437	1.17263
mkBAM_ddocent/Sin-CPnd_043-Ex1-1C-lcwgs-1-2.clmp.fp2_repr.denovoSSL.Sin-RG.bam	96853	113.731	1.03683	798880421	6344032	0.00823363	0.794115
mkBAM_ddocent/Sin-CPnd_039-Ex1-10F-lcwgs-1-2.clmp.fp2_repr.denovoSSL.Sin-RG.bam	276132	104.681	1.06451	798880421	15424779	0.0205536	1.9308
mkBAM_ddocent/Sin-CPnd_050-Ex1-9B-lcwgs-1-2.clmp.fp2_repr.denovoSSL.Sin-RG.bam	110208	80.4716	1.07385	798880421	4192760	0.00563588	0.524829
mkBAM_ddocent/Sin-CPnd_051-Ex1-12G-lcwgs-1-2.clmp.fp2_repr.denovoSSL.Sin-RG.bam	181749	91.232	1.06813	798880421	8392295	0.0112208	1.05051
mkBAM_ddocent/Sin-CPnd_053-Ex1-9G-lcwgs-1-2.clmp.fp2_repr.denovoSSL.Sin-RG.bam	158889	83.1392	1.06434	798880421	6341603	0.00844885	0.793811
mkBAM_ddocent/Sin-CPnd_058-Ex1-9D-lcwgs-1-2.clmp.fp2_repr.denovoSSL.Sin-RG.bam	116620	83.5328	1.05787	798880421	4640375	0.00614474	0.58086
mkBAM_ddocent/Sin-CPnd_061-Ex1-9A-lcwgs-1-2.clmp.fp2_repr.denovoSSL.Sin-RG.bam	136116	96.9747	1.08156	798880421	6879933	0.00931436	0.861197
mkBAM_ddocent/Sin-CPnd_062-Ex1-11D-lcwgs-1-2.clmp.fp2_repr.denovoSSL.Sin-RG.bam	207826	96.085	1.06407	798880421	10245828	0.0136469	1.28252
mkBAM_ddocent/Sin-CPnd_063-Ex1-9F-lcwgs-1-2.clmp.fp2_repr.denovoSSL.Sin-RG.bam	128159	85.0633	1.04242	798880421	5406963	0.00705528	0.676818
mkBAM_ddocent/Sin-CPnd_080-Ex1-2E-lcwgs-1-2.clmp.fp2_repr.denovoSSL.Sin-RG.bam	12552	112.605	1.02212	798880421	825689	0.00105642	0.103356
mkBAM_ddocent/Sin-CPnd_067-Ex1-9C-lcwgs-1-2.clmp.fp2_repr.denovoSSL.Sin-RG.bam	117070	88.2723	1.05566	798880421	5151811	0.00680773	0.644879
mkBAM_ddocent/Sin-CPnd_074-Ex1-12A-lcwgs-1-2.clmp.fp2_repr.denovoSSL.Sin-RG.bam	128717	97.2285	1.0867	798880421	6579885	0.00895048	0.823638
mkBAM_ddocent/Sin-CPnd_065-Ex1-11B-lcwgs-1-2.clmp.fp2_repr.denovoSSL.Sin-RG.bam	192613	92.6059	1.06923	798880421	9000036	0.0120457	1.12658
mkBAM_ddocent/Sin-CPnd_079-Ex1-9H-lcwgs-1-2.clmp.fp2_repr.denovoSSL.Sin-RG.bam	123256	83.5765	1.05878	798880421	4967042	0.00658297	0.62175
mkBAM_ddocent/Sin-CPnd_075-Ex1-11G-lcwgs-1-2.clmp.fp2_repr.denovoSSL.Sin-RG.bam	238366	90.6787	1.06589	798880421	10732946	0.0143202	1.3435
mkBAM_ddocent/Sin-CPnd_081-Ex1-10G-lcwgs-1-2.clmp.fp2_repr.denovoSSL.Sin-RG.bam	242519	100.047	1.08249	798880421	12380381	0.0167755	1.54972
mkBAM_ddocent/Sin-CPnd_076-Ex1-10E-lcwgs-1-2.clmp.fp2_repr.denovoSSL.Sin-RG.bam	308102	99.114	1.04675	798880421	15552818	0.0203784	1.94683
mkBAM_ddocent/Sin-CPnd_088-Ex1-2D-lcwgs-1-2.clmp.fp2_repr.denovoSSL.Sin-RG.bam	818	87.0746	1.00389	798880421	37496	4.71183e-05	0.00469357
mkBAM_ddocent/Sin-CPnd_089-Ex1-9E-lcwgs-1-2.clmp.fp2_repr.denovoSSL.Sin-RG.bam	205955	99.0137	1.05442	798880421	10569433	0.0139503	1.32303
mkBAM_ddocent/Sin-CPnd_085-Ex1-4H-lcwgs-1-2.clmp.fp2_repr.denovoSSL.Sin-RG.bam	268185	124.819	1.07161	798880421	19775106	0.0265261	2.47535
mkBAM_ddocent/Sin-CPnd_092-Ex1-11F-lcwgs-1-2.clmp.fp2_repr.denovoSSL.Sin-RG.bam	168272	90.5493	1.04717	798880421	7779057	0.0101968	0.973745
mkBAM_ddocent/Sin-CPnd_093-Ex1-10C-lcwgs-1-2.clmp.fp2_repr.denovoSSL.Sin-RG.bam	201536	105.315	1.06205	798880421	11583442	0.0153993	1.44996
mkBAM_ddocent/Sin-CPnd_095-Ex1-2B-lcwgs-1-2.clmp.fp2_repr.denovoSSL.Sin-RG.bam	157013	96.4653	1.03525	798880421	7965239	0.010322	0.99705
mkBAM_ddocent/Sin-CPnd_094-Ex1-3H-lcwgs-1-2.clmp.fp2_repr.denovoSSL.Sin-RG.bam	897449	125.846	1.13532	798880421	61974175	0.0880739	7.75763
mkBAM_ddocent/Sin-CPnd_090-Ex1-12F-lcwgs-1-2.clmp.fp2_repr.denovoSSL.Sin-RG.bam	1643191	126.42	1.2437	798880421	111868091	0.174157	14.0031
mkBAM_ddocent/Sin-CPnd_045-Ex1-11H-lcwgs-1-2.clmp.fp2_repr.denovoSSL.Sin-RG.bam	5696878	113.516	1.41097	798880421	269972622	0.476821	33.7939
mkBAM_ddocent/Sin-APnd_022-Ex1-6C-lcwgs-1-2.clmp.fp2_repr.denovoSSL.Sin-RG.bam	20079431	81.5969	2.10319	798880421	390894983	1.0291	48.9303
mkBAM_ddocent/Sin-APnd_024-Ex1-6E-lcwgs-1-2.clmp.fp2_repr.denovoSSL.Sin-RG.bam	21149520	81.0757	2.12974	798880421	404038898	1.07713	50.5756
mkBAM_ddocent/Sin-APnd_021-Ex1-6B-lcwgs-1-2.clmp.fp2_repr.denovoSSL.Sin-RG.bam	24766505	79.3841	2.74765	798880421	359662853	1.23702	45.0209
mkBAM_ddocent/Sin-APnd_023-Ex1-6D-lcwgs-1-2.clmp.fp2_repr.denovoSSL.Sin-RG.bam	25228659	81.2538	2.96604	798880421	349825135	1.29881	43.7894
mkBAM_ddocent/Sin-APnd_025-Ex1-6F-lcwgs-1-2.clmp.fp2_repr.denovoSSL.Sin-RG.bam	25317229	78.8941	2.86559	798880421	348993143	1.25184	43.6853
mkBAM_ddocent/Undetermined.clmp.fp2_repr.denovoSSL.Sin-RG.bam	22264915	79.3583	6.64419	798880421	136356621	1.13406	17.0685
